PH1,PH2,PH3,PH4,PH5,PH6,PH7,PH8,PH9,PH10,PH11,PH12,PH13,PH14,PH15
1,1, 0.865451629905277, 0.574084820781249, 0.551814751846668, 0.843181560970695,1,1,1,1,1,1,1,1,1
1, 0.868304159685128, 0.543493073286939, 0.331770814797006, 0.506279048473707, 0.849697147278512,1,1,1,1,1,1,1,1,1
1, 0.868477135227458, 0.544972117404275, 0.336209386563939, 0.511410961824885, 0.851696557437763,1,1,1,1,1,1,1,1,1
  0.878916901413070, 0.574546702428523, 0.302526916566270, 0.280015997579865, 0.556053548109663, 0.882934666080614,1,1,1,1,1,1,1,1,1
  0.878885805474312, 0.574333940018457, 0.301395766979404, 0.277578917956498, 0.553877267677052, 0.882245982155813,1,1,1,1,1,1,1,1,1
  0.846469458658148, 0.483546913301272, 0.236869422865639, 0.408975940460056, 0.809183972237540,1,1,1,1,1,1,1,1,1,1
  0.846421405258744, 0.483080361133295, 0.235294221674549, 0.407032980984186, 0.808397715184189,1,1,1,1,1,1,1,1,1,1
  0.846484650819776, 0.483681384809415, 0.237304374044414, 0.409503196939687, 0.809395556884911,1,1,1,1,1,1,1,1,1,1
  0.323137044441928, 0.220252285817010, 0.235463672028092, 0.507626502066619, 0.857076329703886,1,1,1,1,1,1,1,1,1,1
  0.323760920709935, 0.222387231577456, 0.239581612288452, 0.511394411544261, 0.858361510376666,1,1,1,1,1,1,1,1,1,1
  0.280669963977973, 0.209844675165699, 0.267181059628053, 0.542976115245311, 0.868199063344004,1,1,1,1,1,1,1,1,1,1
  0.302517342244949, 0.250537461709849, 0.300779930781571, 0.552580780054689, 0.868140094373285,1,1,1,1,1,1,1,1,1,1
  0.300564783553794, 0.254402227940435, 0.315365194668719, 0.569599685212058, 0.874779302600925,1,1,1,1,1,1,1,1,1,1
  0.321926607229217, 0.305910733940496, 0.374593420425490, 0.603737899881703, 0.883222643515194,1,1,1,1,1,1,1,1,1,1
  0.328426128154275, 0.317148481570896, 0.392218303724953, 0.620295454632896, 0.889332886707102,1,1,1,1,1,1,1,1,1,1
  0.388111864310988, 0.424354205300139, 0.604790296976084, 0.877000104755856,1,1,1,1,1,1,1,1,1,1,1
  0.402488123881756, 0.440837779415535, 0.618433847377095, 0.881734860360089,1,1,1,1,1,1,1,1,1,1,1
1,1,1,1,1,1,1,1,1,1,1,1, 0.879465348023172, 0.758930696046344, 0.879465348023172
  0.693613480681279, 0.897871160227093,1,1,1,1,1,1,1,1,1, 0.895286252468700, 0.671151014414775, 0.656443271423450, 0.880578509477375
1,1,1,1,1,1,1,1,1,1,1, 0.825928736375771, 0.492443201315398, 0.507100193503484, 0.840585728563857
1,1,1,1,1,1,1,1,1,1, 0.875536416770163, 0.579756451643255, 0.387916938915465, 0.538710189981815, 0.855013285939443
1,1,1,1,1,1,1,1,1,1, 0.864576575400895, 0.530894046474437, 0.321430825990301, 0.508485814160872, 0.853372459244113
1,1,1,1,1,1,1,1,1,1, 0.814525066379514, 0.468985633931160, 0.381673432203961, 0.614490228132500, 0.887277363480184
1,1,1,1,1,1,1,1,1,1, 0.805369715644463, 0.448577531225727, 0.372642549634166, 0.621031368169003, 0.891596634116101
1,1,1,1,1,1,1,1, 0.896911354045838, 0.656651092825019, 0.395960300851262, 0.285033091507952, 0.524232881533004, 0.875420352097133,1
1,1,1,1,1,1,1,1, 0.885049870295009, 0.619646625552179, 0.356369725534716, 0.282643585175993, 0.549515144481510, 0.888644529583063,1
1,1,1,1,1,1,1,1, 0.885049870295009, 0.619646625552179, 0.356369725534716, 0.282643585175993, 0.549515144481510, 0.888644529583063,1
1,1,1,1,1,1,1,1, 0.882031621562001, 0.610940926648687, 0.343186124679571, 0.274057391737089, 0.552162008220205, 0.892381436076002,1
1,1,1,1,1,1,1,1, 0.883592495845499, 0.615829094799079, 0.347677021727554, 0.272930953453765, 0.548184741693688, 0.890694211013897,1
1,1,1,1,1,1,1,1, 0.876170035536395, 0.592506702691162, 0.327059900712454, 0.381279835497003, 0.770556601939315,1,1
1,1,1,1,1,1,1,1, 0.874576926971231, 0.587499866016396, 0.323203038684833, 0.382214187205403, 0.771934087565735,1,1
1,1,1,1,1,1,1,1, 0.866219398360141, 0.561311393768922, 0.304984879167327, 0.390913170468451, 0.781020286709905,1,1
1,1,1,1,1,1,1,1, 0.857338301707120, 0.533193101800224, 0.285621973405393, 0.401017848238595, 0.791250674926306,1,1
1,1,1,1,1,1,1,1, 0.865630788620122, 0.559452208617540, 0.303667767610294, 0.391502063848457, 0.781655716235580,1,1
1,1,1,1,1,1,1,1, 0.845968598868970, 0.508402670183861, 0.294256112940230, 0.447178610804756, 0.815356569179417,1,1
1,1,1,1,1,1,1,1, 0.849965229189802, 0.520965417530596, 0.305156325015196, 0.447277314197812, 0.813121177523410,1,1
1,1,1,1,1,1,1, 0.883580890179972, 0.603345531201319, 0.375127882108192, 0.308847756666818, 0.487789540914476, 0.834305025334503,1,1
1,1,1,1,1,1,1, 0.858869245120382, 0.550098756547041, 0.356837731387008, 0.362492860969901, 0.560521328365033, 0.863636687355480,1,1
1,1,1,1,1,1,1, 0.870322725702414, 0.591038745486391, 0.421437653644205, 0.416528242352409, 0.581284877205697, 0.865478268713516,1,1
1,1,1, 0.891727243995184, 0.783454487990368, 0.891727243995184,1, 0.865044448052065, 0.603033060953474, 0.496153793394193, 0.643386196136222, 0.885221015643439,1,1,1
1,1,1, 0.891082113139074, 0.782164226278147, 0.891082113139074,1, 0.861630528616435, 0.592017755704448, 0.480553598168801, 0.631576043690000, 0.881409672609211,1,1,1
1,1, 0.892522055647689, 0.650863200278493, 0.510173573635142, 0.637845769025561, 0.886013340021223, 0.860366703778135, 0.610695741284951, 0.640291371235497, 0.889962333728681,1,1,1,1
1,1, 0.894476250446985, 0.653319108345157, 0.504638429220863, 0.627224535194195, 0.881428963871504, 0.853776440289327, 0.590556018797500, 0.619782716727019, 0.883003138218846,1,1,1,1
1,1, 0.896357080987003, 0.656182544422276, 0.501011663253472, 0.618904017188128, 0.877717817369929, 0.848263539286387, 0.573641796769552, 0.602492975679944, 0.877114718196779,1,1,1,1
1,1, 0.890127752691705, 0.612641491932961, 0.427870780872689, 0.578328096713317, 0.769236229231124, 0.666344741933907, 0.643893961420090, 0.873814393635425,1,1,1,1,1
1,1, 0.890228239340455, 0.612181047676654, 0.425586688171167, 0.575543190674191, 0.767235305025542, 0.663205630007187, 0.640433277455418, 0.872553641634549,1,1,1,1,1
1,1, 0.897312957572096, 0.629648139342152, 0.443234432175716, 0.586776276613358, 0.765855904604327, 0.661448814261418, 0.652960993332951, 0.881491057468161,1,1,1,1,1
1,1, 0.897262145886122, 0.631601909450649, 0.450296624666001, 0.594836104524545, 0.771630436418462, 0.670411625684874, 0.662569672383572, 0.884909239694090,1,1,1,1,1
1,1, 0.897351500272266, 0.635653379458275, 0.463513315226876, 0.609472493167992, 0.781997026564829, 0.686451310645894, 0.679694712978675, 0.890979371770485,1,1,1,1,1
1,1, 0.897676080964814, 0.640475423849029, 0.477679811140531, 0.624637674593232, 0.889757206336915, 0.897111664376962, 0.794223328753923, 0.897111664376962,1,1,1,1,1
1,1,1, 0.850036382994481, 0.595388822671438, 0.640668496359431, 0.895316056682475,1,1,1,1,1,1,1,1
1,1,1, 0.850617947897788, 0.597264138059249, 0.642674432425136, 0.896028242263674,1,1,1,1,1,1,1,1
1,1,1, 0.850815990771315, 0.598314456378060, 0.644180940442177, 0.896682474835431,1,1,1,1,1,1,1,1
1,1,1, 0.847117982501829, 0.586377808846165, 0.631401670186843, 0.892141843842507,1,1,1,1,1,1,1,1
1,1,1, 0.847596572590435, 0.587722813864014, 0.632655909956722, 0.892529668683143,1,1,1,1,1,1,1,1
1,1,1, 0.841459635179200, 0.567609222032944, 0.610839538528288, 0.778586503359127, 0.684536477476054, 0.687383299898357, 0.896743374106887,1,1,1,1,1
1,1,1, 0.844528870807707, 0.575305336236811, 0.617024060050503, 0.777388302245381, 0.782281415247965, 0.891140707623983,1,1,1,1,1,1
1,1,1, 0.839135689909033, 0.557046176676955, 0.596685283626810, 0.762686259719336, 0.658060869653339, 0.664387350725333, 0.890237943932442,1,1,1,1,1
1,1,1, 0.841186471841819, 0.561246705142923, 0.598933994760389, 0.758432756716615, 0.650891413481051, 0.663105841190112, 0.891773422966391,1,1,1,1,1
1,1,1, 0.837163924623878, 0.547010661392812, 0.582529548913990, 0.746114539708698, 0.631831818394689, 0.643368454098454, 0.884968363267406,1,1,1,1,1
1,1,1, 0.841793579724612, 0.557429341844863, 0.589477944515888, 0.741203610908678, 0.620599498043048, 0.639114710546974, 0.885876641016967,1,1,1,1,1
1,1,1, 0.838643315938454, 0.545508605869027, 0.466939221398660, 0.513476523999219, 0.494537731652768, 0.620719643188112, 0.879584504066475,1,1,1,1,1
1,1,1, 0.843509558192536, 0.556817769849937, 0.473112403471036, 0.506069192237698, 0.481875293767467, 0.614961124611514, 0.879350831268111,1,1,1,1,1
1,1,1, 0.848836335794570, 0.569987258363141, 0.482649889306826, 0.502713669828517, 0.472714226892340, 0.610968724478146, 0.879469200676068,1,1,1,1,1
1,1,1, 0.844550746777088, 0.551091261114956, 0.444531090485615, 0.454271639057877, 0.423777886620203, 0.574713393096978, 0.867216569386906,1,1,1,1,1
1,1,1, 0.850621685288516, 0.565107209102842, 0.451654457275412, 0.443359930098550, 0.407357738225869, 0.569447581474627, 0.868280839886221,1,1,1,1,1
1,1,1, 0.848725127658737, 0.553657743474142, 0.423606317668968, 0.404492011877057, 0.367828824390384, 0.540668932407185, 0.858658418040294,1,1,1,1,1
1,1,1, 0.853219315107274, 0.563305808134924, 0.426095495119507, 0.391417633603992, 0.351555642360643, 0.536027214356359, 0.859880203507852,1,1,1,1,1
1,1,1, 0.852786454155493, 0.556080051669565, 0.402717558078705, 0.355877055716321, 0.315341854039042, 0.510241239829079, 0.851352480941724,1,1,1,1,1
1,1,1, 0.854878418698183, 0.558707205058446, 0.396907105673261, 0.338841037692884, 0.297303368979675, 0.501446534470609, 0.849905883870820,1,1,1,1,1
1,1,1, 0.850147271965390, 0.539130514952205, 0.360727131381710, 0.303104126300544, 0.270717847248607, 0.480262898153737, 0.840905288810779,1,1,1,1,1
1,1,1, 0.853917293796944, 0.540475356412007, 0.336901514772869, 0.258520263669913, 0.228835207891947, 0.347894020375356, 0.624286979783607, 0.897051355788092,1,1,1,1
1,1,1, 0.891588154677603, 0.649607745374940, 0.455493919414597, 0.284971971866565, 0.199518696555874, 0.467587356361366, 0.855566302954796,1,1,1,1,1
1,1,1, 0.892459964075570, 0.649548503879831, 0.447794011227047, 0.266782374870087, 0.178406014473403, 0.454658214299001, 0.852329103272899,1,1,1,1,1
1,1,1, 0.860039355376620, 0.546809883664343, 0.311434608688679, 0.214672502646484, 0.197447222791840, 0.301923767510786, 0.573606648138308, 0.879121681173835,1,1,1,1
1,1,1, 0.860571610880152, 0.547831636371936, 0.310924845650892, 0.212922760732089, 0.196456549173744, 0.300488621856565, 0.571662952936343, 0.878372939680542,1,1,1,1
1,1,1, 0.867218921505783, 0.570366283263503, 0.344843295299856, 0.248251334554040, 0.210340945388111, 0.270258995172881, 0.529949264938851, 0.863475814142177,1,1,1,1
1,1,1, 0.866690378260267, 0.569367661337912, 0.345298619877608, 0.249844650033250, 0.211268132624140, 0.271776516723081, 0.532007456524300, 0.864275759192073,1,1,1,1
1,1,1, 0.858807612358085, 0.541278334632980, 0.320709706672348, 0.305143964942090, 0.269234093313482, 0.178806713198464, 0.270934089282932, 0.562435383981861, 0.867978895128546,1,1,1
1,1,1, 0.865829050629861, 0.557924303727659, 0.328477279749227, 0.299452289262152, 0.276107261013733, 0.193453634332121, 0.263351746231085, 0.545536144650614, 0.862601034348641,1,1,1
1,1,1, 0.884967960461529, 0.619525432259840, 0.417958930477788, 0.391536111670440, 0.364452018517297, 0.233707169335774, 0.209556086245036, 0.468937420939823, 0.836771138504226,1,1,1
1,1,1, 0.884967960461529, 0.619525432259840, 0.417958930477788, 0.391536111670440, 0.364452018517297, 0.233707169335774, 0.209556086245036, 0.468937420939823, 0.836771138504226,1,1,1
1,1,1,1, 0.871812880515868, 0.594487834377575, 0.462052516974649, 0.432755548662022, 0.272412931700168, 0.167458759731310, 0.402675176791331, 0.814251363211109,1,1,1
1,1,1,1, 0.873548586774592, 0.593949059401100, 0.455885408340936, 0.434284230092475, 0.276763003201185, 0.156585660719377, 0.389446439484872, 0.810824487588633,1,1,1
1,1,1,1, 0.888493955951605, 0.640353863460353, 0.615225859065892, 0.689843537543464, 0.402955184626098, 0.119794084485799, 0.231959995958081, 0.583970547031553, 0.895327036919494,1,1
1,1,1,1, 0.888633629445750, 0.639932986982021, 0.613965085626793, 0.689834602198151, 0.406799272567303, 0.125475904294949, 0.235548079843775, 0.586021166533771, 0.896318592525271,1,1
1,1,1,1,1, 0.883221927364364, 0.766443854728728, 0.735366218360526, 0.480620854623195, 0.177116951121470, 0.201022669182139, 0.532456448511837, 0.880074166824135,1,1
1,1,1,1,1, 0.884675705087823, 0.769351410175645, 0.736457282964374, 0.479280832255678, 0.173197670631986, 0.193165981500088, 0.524954390744173, 0.877486825496945,1,1
1,1,1,1,1,1,1, 0.866976559293072, 0.525212206913411, 0.209816110339844, 0.178385415576682, 0.493288531322116, 0.866483578464939,1,1
1,1,1,1,1,1,1, 0.867978894146006, 0.529274262589235, 0.204611853196393, 0.151787926157202, 0.466942872352131, 0.858471430948094,1,1
1,1,1,1,1,1,1, 0.883923674334740, 0.577083793830346, 0.269244254353764, 0.192302007684772, 0.465588055955940, 0.849370183129324,1,1
1,1,1,1,1,1,1, 0.888080739709770, 0.592007127225842, 0.293497177199892, 0.199334300833574, 0.445801880421993, 0.836038369272238,1,1
1,1,1,1,1,1,1, 0.895742366215573, 0.620115132248691, 0.344047786634569, 0.229477265832761, 0.428559869678715, 0.818757624447405,1,1
1,1,1,1,1,1,1,1, 0.859504420206772, 0.539566615655736, 0.291429835801230, 0.402177505462341, 0.790809865110074,1,1
1,1,1,1,1,1,1,1, 0.873438024994726, 0.583483490177163, 0.321823954081199, 0.386949537609815, 0.775171048711052,1,1
1,1,1,1,1,1,1,1, 0.895327034451933, 0.649125494656183, 0.362269899501940, 0.242328385209169, 0.517713878277583, 0.883856932366104,1
1,1,1,1,1,1,1,1,1,1, 0.830350391426237, 0.475993285741210, 0.342057099013851, 0.577535906509018, 0.881121701810141
1,1,1,1,1,1,1,1,1,1, 0.840252672828288, 0.475356088467859, 0.285456719697315, 0.505855865304208, 0.855502561246463
1,1,1,1,1,1,1,1,1,1, 0.860645871354395, 0.496933318912935, 0.255085451327509, 0.461954431333794, 0.843156427564825
1,1,1,1,1,1,1,1,1,1, 0.866627261151378, 0.501855502806749, 0.233671421207116, 0.428285378599495, 0.829842199047750
1,1,1,1,1,1,1,1,1,1, 0.883856936165924, 0.517713873998823, 0.204531051030766, 0.391348224728757, 0.820674111530891
1,1,1,1,1,1,1,1,1,1, 0.890965904527996, 0.552479530054638, 0.234362640300496, 0.263767882801792, 0.468154016533404
1,1,1,1,1,1,1,1,1,1,1, 0.775857319558116, 0.347788638031541, 0.247435670306458, 0.434365057668484
1,1,1,1,1,1,1,1,1,1,1, 0.797346660952770, 0.368710762769102, 0.206927119488721, 0.358654171290045
1,1,1,1,1,1,1,1,1,1,1, 0.803868792889517, 0.377958226226204, 0.196620892512393, 0.327153096632775
1,1,1,1,1,1,1,1,1,1,1, 0.821281293617406, 0.393970883854817, 0.161832662395355, 0.264612623233825
1,1,1,1,1,1,1,1,1,1,1, 0.820674114116025, 0.391348249694047, 0.159447681423230, 0.266320594611628
1,1,1,1,1,1,1,1,1,1,1, 0.834438249819321, 0.434423121329552, 0.195065723203440, 0.254149311697810
1,1,1,1,1,1,1,1,1,1,1, 0.829669048123278, 0.432306618812459, 0.219962187013358, 0.306036803840727
1,1,1,1,1,1,1,1,1,1,1, 0.838966739273541, 0.458132749554907, 0.239420990977340, 0.300366400072271
1,1,1,1,1,1,1,1,1,1,1, 0.851483949898376, 0.494355275689591, 0.270272231804264, 0.299427966253469
1,1,1,1,1,1,1,1,1,1,1, 0.872376941177518, 0.556552561204921, 0.330343562039967, 0.314906468337920
1,1,1,1,1,1,1,1,1,1,1,1, 0.838773529605896, 0.427547066458102, 0.0887735513448251
1,1,1,1,1,1,1,1,1,1,1, 0.893071665471141, 0.610951709924876, 0.313578336643576, 0.137478118604335
  0.662344414412713, 0.887448138137571,1,1,1,1,1,1,1,1,1,1, 0.878868181393016, 0.583702684482852, 0.356767146483477
  0.573217364502986, 0.857739121500995,1,1,1,1,1,1,1,1,1,1,1, 0.862606738581778, 0.587820215745335
  0.372870537721580, 0.587600586973787, 0.877986244639956,1,1,1,1,1,1,1,1,1,1,1,1
  0.225473129842789, 0.495186498666876, 0.852017273231568,1,1,1,1,1,1,1,1,1,1,1,1
  0.0621658505965120, 0.253754032006144, 0.571010598290364, 0.879422392289985,1,1,1,1,1,1,1,1,1,1,1
  0.0713485450965724, 0.255777650685980, 0.569652364379632, 0.878896773562399,1,1,1,1,1,1,1,1,1,1,1
  0.112014955144542, 0.209340427178718, 0.503855877949874, 0.857610437622537,1,1,1,1,1,1,1,1,1,1,1
  0.112879233780480, 0.208600141774406, 0.502488592393289, 0.857074538631958,1,1,1,1,1,1,1,1,1,1,1
  0.130009899803528, 0.211559974378654, 0.499707449011562, 0.856266745960768,1,1,1,1,1,1,1,1,1,1,1
  0.131909198724143, 0.211503464639117, 0.498530049741759, 0.855721293359369,1,1,1,1,1,1,1,1,1,1,1
  0.186497466495385, 0.132154164756705, 0.278679419332960, 0.597393850047020, 0.888702764604341,1,1,1,1,1,1,1,1,1,1
  0.189979740179325, 0.137324622844593, 0.279634759837314, 0.595307213063657, 0.887885646734832,1,1,1,1,1,1,1,1,1,1
  0.192441558064769, 0.140826574623045, 0.280387245921584, 0.594034198185996, 0.887371258166491,1,1,1,1,1,1,1,1,1,1
  0.366445742287803, 0.223468928187177, 0.189829489711256, 0.464874030605714, 0.845436867550827,1,1,1,1,1,1,1,1,1,1
  0.367385228414777, 0.223757227870315, 0.188068998445686, 0.462403305927759, 0.844484956051339,1,1,1,1,1,1,1,1,1,1
  0.457500680555433, 0.271024608733052, 0.148007157130755, 0.399607727223953, 0.823643494506402,1,1,1,1,1,1,1,1,1,1
  0.458255562856869, 0.269399092793684, 0.142718762348033, 0.395460814689953, 0.822730400734854,1,1,1,1,1,1,1,1,1,1
  0.840898036457995, 0.453484288141247, 0.186697183401114, 0.376533648210466, 0.802422716492604,1,1,1,1,1,1,1,1,1,1
  0.841173785672804, 0.454372072593007, 0.186597916178085, 0.272342044171915, 0.596509701817586, 0.897567286903552,1,1,1,1,1,1,1,1,1
  0.862915938363018, 0.520662620690356, 0.232470816596194, 0.233710152053297, 0.538078645264343, 0.879092627479903,1,1,1,1,1,1,1,1,1
  0.863458444290289, 0.522604543911649, 0.232571769010142, 0.227573963380339, 0.530558573925401, 0.876410279933844,1,1,1,1,1,1,1,1,1
  0.887368836746101, 0.595228860417469, 0.287187812535824, 0.194905419110384, 0.472318658552667, 0.856741028306739,1,1,1,1,1,1,1,1,1
  0.888702774102917, 0.600135961289297, 0.284163605430242, 0.173279110392226, 0.345437280268152, 0.639228489251608, 0.894339901131821,1,1,1,1,1,1,1,1
1, 0.840532212588089, 0.449173775795208, 0.212221778752689, 0.322760657905529, 0.602890019793380, 0.883709577433421,1,1,1,1,1,1,1,1
1, 0.865268520320542, 0.523985377106291, 0.268041742573137, 0.295639134108480, 0.556751947320003, 0.870437698998911,1,1,1,1,1,1,1,1
1, 0.876134875213574, 0.561318160885204, 0.286657844406332, 0.234878387549299, 0.474381509352547, 0.840977680537950, 0.886506013632737, 0.773012027265474, 0.886506013632737,1,1,1,1,1
1, 0.896889434448271, 0.623136864509245, 0.327540278718096, 0.201712276956679, 0.319856497711493, 0.610389563568731, 0.765562411233767, 0.749219834153942, 0.874609917076971,1,1,1,1,1
1,1, 0.836423939459758, 0.438697016476151, 0.185624345967860, 0.281546208176627, 0.578887747055488, 0.745566987143462, 0.729748358626270, 0.864874179313135,1,1,1,1,1
1,1, 0.850548692161304, 0.451097394633283, 0.161795416950833, 0.244081354841000, 0.446882537691319, 0.515315466688031, 0.610075177582506, 0.858807608223649,1,1,1,1,1
1,1, 0.859989984022668, 0.485548827504583, 0.187322526308409, 0.215519959587340, 0.395399292895002, 0.471741943173353, 0.576116291337838, 0.846017364298640,1,1,1,1,1
1,1, 0.870164448230773, 0.512854497567235, 0.206851704379834, 0.205692740454763, 0.365215448807948, 0.440341688885482, 0.559525319054998, 0.842867993566073,1,1,1,1,1
1,1, 0.880138183299971, 0.547331124925560, 0.230852771204108, 0.175832457358658, 0.314420377855945, 0.399797336875336, 0.528418980050489, 0.830869393250959,1,1,1,1,1
1,1, 0.885348551372456, 0.564945941965305, 0.243330663021066, 0.162431512615383, 0.291621795469573, 0.386569694242222, 0.523582529616566, 0.829936390656751,1,1,1,1,1
1,1, 0.893993512592728, 0.594127311310932, 0.265416410845497, 0.142690110591303, 0.255405633625462, 0.359842052707319, 0.394072230640983, 0.602345671343621, 0.890117358248506,1,1,1,1
1,1, 0.894339901163593, 0.599926512760326, 0.266833332983167, 0.128441203165519, 0.249017529098721, 0.370114734461879, 0.400448756930729, 0.600651028928577, 0.888493959140090,1,1,1,1
1,1,1, 0.819199922930840, 0.396653558881685, 0.146452516402115, 0.242621213171837, 0.356297828251527, 0.385282585272712, 0.585415849241844, 0.882808759500092,1,1,1,1
1,1, 0.897464729814891, 0.622568844949982, 0.326170454272867, 0.193292973493763, 0.289714244756600, 0.401653982083038, 0.409458748911831, 0.585106312638583, 0.879813935409179,1,1,1,1
1,1,1, 0.833507621280567, 0.444644505818443, 0.203755181453730, 0.285225477753687, 0.393743732683848, 0.400416333052193, 0.575041157745631, 0.875761376539453,1,1,1,1
1,1,1, 0.852310543440550, 0.498975527722397, 0.215293242605415, 0.184032558561361, 0.268651334724059, 0.333299723721715, 0.547988826740157, 0.867936137504707,1,1,1,1
1,1,1, 0.854848229688337, 0.506369517577751, 0.221045334790330, 0.184107248671023, 0.268461090506414, 0.332394908697067, 0.544888364255482, 0.866371344294722,1,1,1,1
1,1,1, 0.869166247376419, 0.553616520498712, 0.252801209729274, 0.145939030964401, 0.216266881737821, 0.317771036558889, 0.544026894472887, 0.864934645294400,1,1,1,1
1,1,1, 0.871587947610773, 0.560370371167862, 0.255976906777561, 0.143271390620324, 0.216729678802938, 0.318594593280168, 0.541307772476778, 0.863365950599695,1,1,1,1
1,1,1, 0.872346878166791, 0.564185247671396, 0.273020990340165, 0.169227525114186, 0.219008511521623, 0.288772794287402, 0.404974760414576, 0.641131792158062, 0.893966218787890,1,1,1
1,1,1, 0.874643180049732, 0.570601991670618, 0.279574254285544, 0.173851506791962, 0.223678457464853, 0.290828392159438, 0.401738301420654, 0.636824746679398, 0.892472444080631,1,1,1
1,1,1, 0.874357923236227, 0.570992600196021, 0.318801802753565, 0.287067399432490, 0.322425585465377, 0.273790415633483, 0.304613089713452, 0.552946278264571, 0.864598292357944,1,1,1
1,1,1, 0.881590324267885, 0.591723980117404, 0.339673011551681, 0.297654505396721, 0.333973995923945, 0.286212499229193, 0.303664829388247, 0.545008420432418, 0.861697244043980,1,1,1
1,1,1, 0.887299484715079, 0.613685378525834, 0.386510806632507, 0.364485131498641, 0.389055517391895, 0.293191552069553, 0.261681519765320, 0.499247863231195, 0.846062596820421,1,1,1
1,1,1, 0.895187506599207, 0.635622435306950, 0.407330169278806, 0.373371113196060, 0.399974988425659, 0.308492270950837, 0.265228657170119, 0.494148910527900, 0.843913408507957,1,1,1
1,1,1,1, 0.860016401492327, 0.562117743707082, 0.544186282937181, 0.660647909230619, 0.431099297133172, 0.233928381156697, 0.448810744946644, 0.827418692414928,1,1,1
1,1,1,1, 0.860773939243448, 0.563509200364244, 0.544696582998144, 0.661503537869710, 0.433217585606609, 0.235103777529437, 0.448723662208493, 0.827295254293304,1,1,1
1,1,1,1, 0.884842376024938, 0.636257772159955, 0.617988416245096, 0.711136473780946, 0.485850373413768, 0.251738047485592, 0.424178789413347, 0.813727661670656,1,1,1
1,1,1,1, 0.884472686140873, 0.635876678945649, 0.618335299468681, 0.710984426303216, 0.484479131358217, 0.250278866882505, 0.423332818247609, 0.813479963084008,1,1,1
1,1,1,1, 0.883229382991161, 0.634934074165710, 0.620179999357938, 0.710830759534251, 0.480294976478663, 0.246457368617573, 0.421451613202608, 0.812933769712835,1,1,1
1,1,1,1,1, 0.895010145707796, 0.790020291415592, 0.762401388223073, 0.539424115544271, 0.274451007068606, 0.286808541451382, 0.571004311297646, 0.886613903885875,1,1
1,1,1,1,1,1,1, 0.868088365521480, 0.542544753383558, 0.278244287753298, 0.281852107367476, 0.558708537401890, 0.880644329925634,1,1
1,1,1,1,1,1,1, 0.877208844355664, 0.565002435793447, 0.289572751057535, 0.263239008248682, 0.531725284720229, 0.870265436091299,1,1
1,1,1,1,1,1,1, 0.881058737425716, 0.579477346866328, 0.311419162507759, 0.268522573010476, 0.515403358834406, 0.859881338891077,1,1
1,1,1,1,1,1,1, 0.888561966982878, 0.607638961575290, 0.358114985725243, 0.296381256980539, 0.506163568172122, 0.848820302324413,1,1
1,1,1,1,1,1,1,1, 0.845975900087939, 0.506613308993050, 0.308080909987283, 0.480225493347174, 0.832781992265001,1,1
1,1,1,1,1,1,1,1, 0.864132010670512, 0.562646204534002, 0.355140099905197, 0.478869628890436, 0.822243722848729,1,1
1,1,1,1,1,1,1,1, 0.882322031935393, 0.614880804426099, 0.393505739045724, 0.471657192554722, 0.810710225999704,1,1
1,1,1,1,1,1,1,1, 0.897535089124134, 0.661884164880983, 0.442464270739530, 0.372352821382280, 0.577174044449228, 0.882936418049630,1
1,1,1,1,1,1,1,1,1, 0.879051114044093, 0.570364481487938, 0.374131774275464, 0.553374560263487, 0.870556153431868,1
1,1,1,1,1,1,1,1,1,1, 0.823372985872037, 0.497096834747794, 0.405337366940352, 0.612876173125469, 0.881262655060874
1,1,1,1,1,1,1,1,1,1, 0.836621343456853, 0.507060970882285, 0.368873119934519, 0.563048701049595, 0.864615208540508
1,1,1,1,1,1,1,1,1,1, 0.849902502836421, 0.521938390269158, 0.338334912133468, 0.510464664805149, 0.844165640104417
1,1,1,1,1,1,1,1,1,1, 0.857663047921448, 0.529756471677896, 0.321507321361520, 0.484397419375144, 0.834983521770072
1,1,1,1,1,1,1,1,1,1, 0.861183867518776, 0.535277606277209, 0.317329266923880, 0.473561185091235, 0.830325656925789
1,1,1,1,1,1,1,1,1,1, 0.865882530545180, 0.544454401475479, 0.317449767768815, 0.465066453291914, 0.826188556453398
1,1,1,1,1,1,1,1,1,1, 0.863565548444565, 0.541791209018230, 0.321849770470616, 0.472588107664805, 0.828963997767853
1,1,1,1,1,1,1,1,1,1, 0.872109453476904, 0.561352830515626, 0.327670245446494, 0.459719813253726, 0.821292944845954
1,1,1,1,1,1,1,1,1,1, 0.865763550470851, 0.553993401167825, 0.340425915195418, 0.481925828770767, 0.829729764272322
1,1,1,1,1,1,1,1,1,1, 0.872237672715860, 0.570853515014097, 0.351721677203381, 0.479833500227913, 0.826727665322768
1,1,1,1,1,1,1,1,1,1, 0.861871821517330, 0.559690191164732, 0.375356092856556, 0.519128898288234, 0.841591175079081
1,1,1,1,1,1,1,1,1,1, 0.873051691322688, 0.591195537451880, 0.404000873071156, 0.526621899077422, 0.840764872135459
1,1,1,1,1,1,1,1,1,1, 0.883883209709256, 0.604098679111000, 0.381139995179788, 0.381537984485381, 0.512655843950900
1,1,1,1,1,1,1,1,1,1, 0.895722222113826, 0.643829765513852, 0.430793781191406, 0.405222479621932, 0.507006892481292
1,1,1,1,1,1,1,1,1,1,1, 0.844326128724235, 0.479377020105964, 0.272533168044572, 0.330997304673540
1,1,1,1,1,1,1,1,1,1,1, 0.848398272883194, 0.478159677739776, 0.236163870637956, 0.256481133397348
1,1,1,1,1,1,1,1,1,1,1, 0.889486766737259, 0.603907581047165, 0.361538174598952, 0.291483985721841
1,1,1,1,1,1,1,1,1,1,1, 0.887348694008998, 0.601136581327812, 0.374799921245300, 0.330157715159828
1,1,1,1,1,1,1,1,1,1,1, 0.886646960621917, 0.601259862609368, 0.383433389213694, 0.350529578947664
  0.620206282210623, 0.873402094070208,1,1,1,1,1,1,1,1,1,1, 0.889068851134659, 0.646652436330897, 0.494613053319398
  0.619085152926154, 0.873028384308718,1,1,1,1,1,1,1,1,1,1, 0.889573997761868, 0.650745474686490, 0.504366435250130
  0.560880415049317, 0.853626805016439,1,1,1,1,1,1,1,1,1,1,1, 0.896654526201475, 0.689963578604426
  0.559875375790477, 0.853291791930159,1,1,1,1,1,1,1,1,1,1,1,1,1
  0.543632210912617, 0.847877403637539,1,1,1,1,1,1,1,1,1,1,1,1,1
  0.543307365140790, 0.847769121713597,1,1,1,1,1,1,1,1,1,1,1,1,1
  0.545484827536857, 0.848494942512286,1,1,1,1,1,1,1,1,1,1,1,1,1
  0.564176596813026, 0.854725532271009,1,1,1,1,1,1,1,1,1,1,1,1,1
  0.573830090612357, 0.857943363537452,1,1,1,1,1,1,1,1,1,1,1,1,1
  0.588044662816722, 0.862681554272241,1,1,1,1,1,1,1,1,1,1,1,1,1
  0.594356867702653, 0.864785622567551,1,1,1,1,1,1,1,1,1,1,1,1,1
  0.592484911501447, 0.864161637167149,1,1,1,1,1,1,1,1,1,1,1,1,1
  0.594251747189755, 0.864750582396585,1,1,1,1,1,1,1,1,1,1,1,1,1
  0.592629675781340, 0.864209891927113,1,1,1,1,1,1,1,1,1,1,1,1,1
  0.584657624242939, 0.861552541414313,1,1,1,1,1,1,1,1,1,1,1,1,1
  0.562692142765117, 0.854230714255039,1,1,1,1,1,1,1,1,1,1,1,1,1
  0.557671932825582, 0.852557310941861,1,1,1,1,1,1,1,1,1,1,1,1,1
  0.395416503415257, 0.614188304341623, 0.889429681921922,1,1,1,1,1,1,1,1,1,1,1,1
  0.395416503415257, 0.614188304341623, 0.889429681921922,1,1,1,1,1,1,1,1,1,1,1,1
  0.395416503415257, 0.614188304341623, 0.889429681921922,1,1,1,1,1,1,1,1,1,1,1,1
  0.589266196155208, 0.863088732051736,1,1,1,1,1,1,1,1,1,1,1,1,1
1,1,1,1,1,1,1,1,1,1,1,1,1,1,1
1,1,1,1,1,1,1,1,1,1,1,1,1,1,1
1,1,1,1, 0.875640232049690, 0.636177512924568, 0.645434329700066, 0.884897048825188,1,1,1,1,1,1,1
1,1,1,1, 0.875640232049690, 0.636177512924568, 0.645434329700066, 0.884897048825188,1,1,1,1,1,1,1
1,1,1,1, 0.876011037509624, 0.632626850027233, 0.637220587525594, 0.880604775007985,1,1,1,1,1,1,1
1,1,1,1, 0.877775215990594, 0.616918597970797, 0.491106563703288, 0.642558197456561, 0.890595015733476,1,1,1,1,1,1
1,1,1,1, 0.879626390934979, 0.625272159916326, 0.504340806647827, 0.651370697286590, 0.892675659620111,1,1,1,1,1,1
1,1,1,1, 0.890052177174118, 0.647465251072916, 0.503524360248721, 0.624861675975169, 0.878750389625245,1,1,1,1,1,1
1,1,1,1, 0.892583678003407, 0.657530408126252, 0.518377201490368, 0.634497890615607, 0.881067419248084,1,1,1,1,1,1
1,1,1, 0.871439089277000, 0.615968621316105, 0.497465236863121, 0.479938406523167, 0.574160141336392, 0.847157439637240,1,1,1,1,1,1
1,1,1, 0.869051178452181, 0.603648119210889, 0.469354570420507, 0.442392622407918, 0.546058118136966, 0.838423125390847,1,1,1,1,1,1
1,1,1, 0.888160668766905, 0.666597309932716, 0.559162523061063, 0.516778085513909, 0.581654497740968, 0.845602294122311,1,1,1,1,1,1
1,1,1, 0.883214111061240, 0.643619918836330, 0.509352088818922, 0.449347339528255, 0.529047532638860, 0.828646474154438,1,1,1,1,1,1
1,1,1,1,1,1, 0.840442989979916, 0.680885979959833, 0.840442989979916,1,1,1,1,1,1
1,1,1,1,1, 0.881618359690833, 0.586070076620229, 0.527285074167959, 0.822833357238563,1,1,1,1,1,1
1,1,1,1,1,1, 0.841348208750089, 0.682696417500178, 0.841348208750089,1,1,1,1,1,1
1,1,1,1,1, 0.896329390307119, 0.620704749225987, 0.552421327530617, 0.828045968611749,1,1,1,1,1,1
1,1,1,1,1,1, 0.844783092326315, 0.689566184652629, 0.844783092326315,1,1,1,1,1,1
1,1,1,1,1,1, 0.852160597680223, 0.704321195360447, 0.852160597680223,1,1,1,1,1,1
1,1,1,1,1,1, 0.851719795894612, 0.703439591789224, 0.851719795894612,1,1,1,1,1,1
1,1,1,1,1,1, 0.858142646145468, 0.716285292290935, 0.858142646145468,1,1,1,1,1,1
1,1,1,1,1,1, 0.857622164694376, 0.715244329388752, 0.857622164694376,1,1,1,1,1,1
1,1,1,1,1,1, 0.853100325074720, 0.706200650149439, 0.853100325074720,1,1,1,1,1,1
1,1,1,1,1,1, 0.863189955856978, 0.726379911713957, 0.863189955856978,1,1,1,1,1,1
1,1,1,1,1,1, 0.854167728928619, 0.708335457857238, 0.854167728928619,1,1,1,1,1,1
1,1,1,1,1,1, 0.847368603994953, 0.694737207989905, 0.847368603994953,1,1,1,1,1,1
1,1,1,1,1,1, 0.837504829472083, 0.675009658944166, 0.837504829472083,1,1,1,1,1,1
1,1,1,1,1, 0.884689672996949, 0.580130093145921, 0.506191167300995, 0.810750747152023,1,1,1,1,1,1
1,1,1,1, 0.896935126184115, 0.658290156067884, 0.415504069008597, 0.331458281766564, 0.564889349858298, 0.887580107216562,1,1,1,1,1
1,1,1,1,1, 0.872517409972010, 0.543279893912932, 0.362930451414701, 0.586090860978646, 0.893922893504867,1,1,1,1,1
1,1,1,1,1, 0.882512715176510, 0.574120857733802, 0.500703569938074, 0.809095427380782,1,1,1,1,1,1
1,1,1,1, 0.894930633981498, 0.657514372502398, 0.424416742566665, 0.345117941977260, 0.572389976356628, 0.889105038425133,1,1,1,1,1
1,1,1,1,1, 0.877425333090302, 0.559911717666885, 0.384423980130665, 0.598814139621881, 0.896876544067800,1,1,1,1,1
1,1,1, 0.880196936353524, 0.633164607521445, 0.483630592791612, 0.383742743487618, 0.319423753999433, 0.537500229216378, 0.871156297080872,1,1,1,1,1
1,1,1, 0.881793866982445, 0.643604130295683, 0.511482997713825, 0.427242931329042, 0.366114478712974, 0.569174704710376, 0.880630422925857,1,1,1,1,1
1,1,1, 0.843288083784955, 0.527690668528007, 0.369331429432733, 0.344313846711016, 0.310032879165284, 0.485725095998151, 0.835077218854201,1,1,1,1,1
1,1,1, 0.846203922212197, 0.526093455650130, 0.342591320184631, 0.298661138239195, 0.265565193731331, 0.343935930441188, 0.605997510137402, 0.891667421935050,1,1,1,1
1,1,1, 0.827147815455722, 0.473720512005271, 0.305545547015184, 0.355240488143989, 0.347532298462741, 0.309905707571982, 0.522737101097347, 0.864096054309753,1,1,1,1
1,1,1, 0.837179430392966, 0.489289329961734, 0.292146867638679, 0.316772999229845, 0.304743257987371, 0.253825792393296, 0.364238039242969, 0.627398076349969, 0.888978602672859,1,1,1
1,1,1, 0.842969414435417, 0.500477947750688, 0.290754146525569, 0.302163749436151, 0.286953974371612, 0.228554369219470, 0.336333274656384, 0.608935152341989, 0.883120408759316,1,1,1
1,1,1, 0.894716203058350, 0.663041717585576, 0.518902997920403, 0.627545655317477, 0.696738060829045, 0.445843985014868, 0.261524997690084, 0.464597595954544, 0.829146694374583,1,1,1
1,1,1,1, 0.881721421758856, 0.645576843520075, 0.645989421763581, 0.711575478902958, 0.459255124867108, 0.248345199605900, 0.327802228203387, 0.600381962554531, 0.891111287990531,1,1
1,1,1,1, 0.882717069143349, 0.650693029008477, 0.653234850586905, 0.716322012243629, 0.467461469487275, 0.263642176905237, 0.339641468445803, 0.602886676515743, 0.890489037009752,1,1
1,1,1,1,1, 0.894570739835100, 0.789141479670200, 0.738214774271832, 0.486820272924610, 0.248166419987730, 0.285157983452641, 0.554877626456870, 0.874709824504082,1,1
1,1,1,1,1,1,1, 0.847779672978664, 0.506044243603554, 0.283424394543128, 0.312045246718081, 0.559095919327674, 0.872210496527830,1,1
1,1,1,1,1,1,1, 0.856363343011024, 0.540609195108506, 0.342374334810158, 0.358897376171630, 0.571291813291690, 0.870522919832736,1,1
1,1,1,1,1,1,1, 0.892415376725053, 0.620761132334520, 0.374173418952918, 0.279456750201149, 0.457360889256362, 0.823731802398663,1,1
1,1,1,1,1,1,1,1, 0.856445800382047, 0.545971830025341, 0.339884819973587, 0.467637351399342, 0.817278561069048,1,1
1,1,1,1,1,1,1,1, 0.866915821691447, 0.569670355735714, 0.337816445524524, 0.434285110607695, 0.799223199127438,1,1
1,1,1,1,1,1,1,1, 0.890320454410114, 0.642566250154155, 0.414058049877103, 0.343495492530688, 0.563479563996119, 0.881796325598492,1
1,1,1,1,1,1,1,1,1, 0.880852298747417, 0.555607494260177, 0.327414514399951, 0.511415741009040, 0.858756422121848,1
1,1,1,1,1,1,1,1,1,1, 0.832626479721945, 0.480165663583549, 0.326728651379184, 0.543466230895504, 0.864276763377923
1,1,1,1,1,1,1,1,1,1, 0.853530202474691, 0.489067302861057, 0.257526011109185, 0.461970923533964, 0.839982012811145
1,1,1,1,1,1,1,1,1,1, 0.874412249326514, 0.509109443329809, 0.222190723675367, 0.414702114667360, 0.827208584995289
1,1,1,1,1,1,1,1,1,1, 0.880791814987896, 0.518514606609260, 0.214656789813234, 0.396937019750272, 0.820003021558402
1,1,1,1,1,1,1,1,1,1, 0.894450212779804, 0.550513881922659, 0.232047777697935, 0.286304231344891, 0.502219063985369
1,1,1,1,1,1,1,1,1,1,1, 0.770317008759982, 0.345478789479328, 0.266983521090267, 0.465775677194039
1,1,1,1,1,1,1,1,1,1,1, 0.776940992392671, 0.356821236882403, 0.264808515595615, 0.448906309123527
1,1,1,1,1,1,1,1,1,1,1, 0.782474042880441, 0.362735459673604, 0.254798959761095, 0.428037881078349
1,1,1,1,1,1,1,1,1,1,1, 0.785350672661705, 0.368162211173328, 0.254911602196282, 0.421378459354147
1,1,1,1,1,1,1,1,1,1,1, 0.794768344686199, 0.377615151585343, 0.236251156177709, 0.384056123409804
1,1,1,1,1,1,1,1,1,1,1, 0.793776160046347, 0.375714006988194, 0.236350804030801, 0.386915497475864
1,1,1,1,1,1,1,1,1,1,1, 0.829677634350565, 0.428835753940157, 0.204668031795966, 0.277568766141071
1,1,1,1,1,1,1,1,1,1,1, 0.843263683794789, 0.468136595318182, 0.236199164332303, 0.270760302969524
1,1,1,1,1,1,1,1,1,1,1, 0.838671851028739, 0.466195091528790, 0.264944461371067, 0.334560883670425
1,1,1,1,1,1,1,1,1,1,1, 0.852833301208926, 0.505702791204116, 0.297904000259749, 0.335031153221145
1,1,1,1,1,1,1,1,1,1,1, 0.856864261908257, 0.508615968072072, 0.272301086776509, 0.271873253326962
1,1,1,1,1,1,1,1,1,1,1, 0.867172270109288, 0.539029728743363, 0.300023778751567, 0.275128583302900
1,1,1,1,1,1,1,1,1,1,1, 0.885907861687093, 0.592972853328372, 0.313339237933480, 0.176508478968233
1,1,1,1,1,1,1,1,1,1,1,1, 0.838473214017702, 0.458106960061591, 0.181954810096261
1,1,1,1,1,1,1,1,1,1,1,1, 0.838473214017702, 0.458106960061591, 0.181954810096261
1,1,1,1,1,1,1,1,1,1,1,1, 0.835974583067180, 0.456425848465188, 0.189404630059665
1,1,1,1,1,1,1,1,1,1,1,1, 0.838537793794444, 0.457929709850690, 0.181100160579851
1,1,1,1,1,1,1,1,1,1,1,1, 0.830927366955000, 0.461094353747834, 0.228646226468500
  0.677949798079095, 0.892649932693032,1,1,1,1,1,1,1,1,1,1, 0.854983487837520, 0.531226675553539, 0.318762587473017
  0.658071707416446, 0.886023902472149,1,1,1,1,1,1,1,1,1,1, 0.852744182550778, 0.544627997511084, 0.370163079779363
  0.534967412392498, 0.844989137464166,1,1,1,1,1,1,1,1,1,1, 0.892328224399908, 0.655218596078915, 0.504014666237203
  0.524573151268677, 0.841524383756226,1,1,1,1,1,1,1,1,1,1, 0.894850956891420, 0.677577833574900, 0.558478716267601
  0.371141053928246, 0.601773210024080, 0.886835715228799,1,1,1,1,1,1,1,1,1,1,1,1
  0.382589546017679, 0.606025234727908, 0.887097231633209,1,1,1,1,1,1,1,1,1,1,1,1
  0.250349964256889, 0.507597345866727, 0.854488414668659,1,1,1,1,1,1,1,1,1,1,1,1
  0.273988192668326, 0.519035750963663, 0.856623812044533,1,1,1,1,1,1,1,1,1,1,1,1
  0.174214654267465, 0.273246156611852, 0.541205394170944, 0.865786165040947,1,1,1,1,1,1,1,1,1,1,1
  0.189813457898529, 0.282666736905875, 0.544315340732123, 0.866198564405931,1,1,1,1,1,1,1,1,1,1,1
  0.275525395954496, 0.219529413418636, 0.284969649057794, 0.552677823039364, 0.869662151143110,1,1,1,1,1,1,1,1,1,1
  0.284748431187706, 0.229666717540193, 0.290601111214902, 0.553110841974466, 0.869224673242180,1,1,1,1,1,1,1,1,1,1
  0.392641891213355, 0.269298982669642, 0.223733375842156, 0.462512197734147, 0.837130395747091,1,1,1,1,1,1,1,1,1,1
  0.393087767062793, 0.269913662509843, 0.224257493037668, 0.462665161613150, 0.837113542952272,1,1,1,1,1,1,1,1,1,1
  0.488254344047897, 0.329028659594005, 0.203515706174352, 0.300560894954928, 0.606095014568836, 0.897243251142971,1,1,1,1,1,1,1,1,1
  0.489157795209064, 0.330573666929589, 0.205220407019192, 0.300834101725011, 0.605290019337916, 0.896846390134766,1,1,1,1,1,1,1,1,1
  0.859220299647734, 0.516508820403155, 0.239240480725419, 0.237760049781487, 0.527732440760668, 0.871924350949179,1,1,1,1,1,1,1,1,1
  0.859579237416682, 0.517932418779085, 0.241202910847426, 0.238254360637840, 0.526733476766335, 0.871328845613518,1,1,1,1,1,1,1,1,1
  0.890834053980904, 0.609585696419975, 0.311121776801762, 0.199552152311413, 0.333769818383748, 0.610446128825851, 0.883858328390826,1,1,1,1,1,1,1,1
  0.891009800937254, 0.610247126342076, 0.312552164589315, 0.200720284227370, 0.333009961278103, 0.608890902144498, 0.883286385909272,1,1,1,1,1,1,1,1
1, 0.863135205527767, 0.518467818817810, 0.259449551449295, 0.279220290868004, 0.538287175020529, 0.863183822311777,1,1,1,1,1,1,1,1
1, 0.864020943828653, 0.521568338087547, 0.261166507463275, 0.274583120613736, 0.531835352044571, 0.860871344635216,1,1,1,1,1,1,1,1
1,1, 0.829227379104260, 0.444639515645991, 0.247174263714903, 0.477339496908871, 0.845577369735700, 0.882043404515566, 0.764086809031131, 0.882043404515566,1,1,1,1,1
1,1, 0.832878127666455, 0.444444520270125, 0.227403616139090, 0.349169548368067, 0.629515691067090, 0.770251583369844, 0.748136434270803, 0.874068217135401,1,1,1,1,1
1,1, 0.862348782755856, 0.504481699226701, 0.253033303431692, 0.323586840165797, 0.481184398626867, 0.518861656920323, 0.613799677533991, 0.863435966035584,1,1,1,1,1
1,1, 0.878677661620037, 0.547656670466005, 0.289736761483584, 0.325255245671986, 0.450619997056592, 0.479205216364945, 0.594084008285910, 0.861001295943187,1,1,1,1,1
1,1, 0.888552956391428, 0.567504932509043, 0.276489568195286, 0.252924181595304, 0.359132332849674, 0.396394710717279, 0.529800208604584, 0.837151241219346,1,1,1,1,1
1,1, 0.863307075282930, 0.493508361599766, 0.193658984616441, 0.215943225993084, 0.388932919198239, 0.460052050659073, 0.566683967231637, 0.843079308077326,1,1,1,1,1
1,1, 0.873233026074695, 0.528142969355807, 0.219110372726508, 0.189065662736938, 0.340605093283772, 0.420209416456734, 0.535540973989346, 0.831071417524841,1,1,1,1,1
1, 0.883267984875819, 0.603015720547469, 0.367685089220845, 0.278401546634659, 0.330474536627270, 0.581014096751516, 0.745799610458668, 0.729591714497916, 0.864795857248958,1,1,1,1,1
1, 0.892328355874567, 0.632771704823801, 0.403997593551009, 0.290973704743855, 0.311225927205337, 0.555632725511541, 0.728575725560050, 0.713498934223531, 0.856749467111766,1,1,1,1,1
1,1, 0.866210151628083, 0.528701952326588, 0.244118641020693, 0.214019173147613, 0.370213394912857, 0.459072708988268, 0.442467475087906, 0.611953929987074, 0.890738101800004,1,1,1,1
1,1, 0.886021486102326, 0.588978554261060, 0.298319236723073, 0.203509075231513, 0.321026223834339, 0.412867709178444, 0.390660216078002, 0.564514253130082, 0.873842429063360,1,1,1,1
1,1, 0.891986929092005, 0.607271475692807, 0.318264902296455, 0.207769081312499, 0.311379382352736, 0.401850434342467, 0.378156386027362, 0.552018108540884, 0.869121500120101,1,1,1,1
1,1, 0.885540650864504, 0.612709199637120, 0.383518254406310, 0.324006438070268, 0.520591657147565, 0.679071972351649, 0.513537018039319, 0.442215055035922, 0.648367246516519, 0.893552161879258,1,1,1
1,1, 0.888891417966684, 0.621766645970071, 0.391603074757638, 0.324248342496808, 0.516296954767567, 0.675464389643651, 0.508126511968391, 0.433436895537713, 0.641245977644818, 0.891247663456855,1,1,1
1,1, 0.883642981466097, 0.620423111105360, 0.424715654394380, 0.393765947160847, 0.576862468229509, 0.707280810885944, 0.532886526306300, 0.445058626272774, 0.636452733875308, 0.888031868846669,1,1,1
1,1, 0.889737719934835, 0.635819175970256, 0.436232454811593, 0.390685780942885, 0.567262301657837, 0.699801635435728, 0.521434024523659, 0.427086430167644, 0.622167250542725, 0.883440728954137,1,1,1
1,1,1, 0.888999125024930, 0.644670989846050, 0.510592682756658, 0.643168896074882, 0.738004662686022, 0.544293148446041, 0.402189054973211, 0.570525002795005, 0.862872511721158,1,1,1
1,1,1, 0.894213397084013, 0.653403610616553, 0.503516978604324, 0.623676713695041, 0.724024132826585, 0.523320112662122, 0.365920508135228, 0.540577415097399, 0.853302835420966,1,1,1
1,1,1,1, 0.881978014021908, 0.654582928787161, 0.663231815508596, 0.745494340336807, 0.538883137911318, 0.354224918454619, 0.511270181549134, 0.841060961412371,1,1,1
1,1,1,1, 0.881761221808946, 0.652962307501568, 0.660640949576298, 0.743770084888963, 0.536466941098931, 0.349839085952655, 0.507598232629663, 0.839895866770653,1,1,1
1,1,1,1, 0.894356380800314, 0.683216911232900, 0.683364680064857, 0.754071779189089, 0.537893109945911, 0.321169910514935, 0.466931009419405, 0.824086579293564,1,1,1
1,1,1,1, 0.894283279886285, 0.682721248255526, 0.682592656852195, 0.753597037636506, 0.537296708153244, 0.320068766178339, 0.466016804511151, 0.823802397332504,1,1,1
1,1,1,1,1, 0.895565767886588, 0.791131535773176, 0.756396118405383, 0.529593767795126, 0.284143476768120, 0.309974890568970, 0.581742669420105, 0.887147838342925,1,1
1,1,1,1,1, 0.896907788563975, 0.793815577127949, 0.758115011600674, 0.531483929171647, 0.287614516491758, 0.311713501346256, 0.580483054720327, 0.886107363730882,1,1
1,1,1,1,1, 0.897848665078976, 0.795697330157951, 0.761289136721107, 0.529911727374296, 0.266036155543120, 0.275818137502878, 0.555972359662921, 0.879719121970999,1,1
1,1,1,1,1,1,1, 0.864080326604271, 0.532987811735560, 0.271365333694241, 0.277400342789383, 0.552254298416929, 0.877311804190497,1,1
1,1,1,1,1,1,1, 0.875773460858848, 0.561225745909944, 0.284315208446916, 0.253004748630342, 0.519099551265472, 0.864957726030950,1,1
1,1,1,1,1,1,1, 0.877554443466866, 0.568169410681875, 0.295421380223804, 0.256879500742126, 0.512400286206011, 0.860327198472679,1,1
1,1,1,1,1,1,1, 0.887833567248924, 0.594992191355372, 0.314845730686662, 0.245712602007921, 0.487688941132721, 0.849663445705015,1,1
1,1,1,1,1,1,1, 0.891173863857986, 0.607101796202162, 0.334437630102545, 0.254969002466549, 0.479162980144180, 0.842703675436000,1,1
1,1,1,1,1,1,1,1, 0.830307850522673, 0.455938746444238, 0.255900692111091, 0.465216546980161, 0.834946750790635,1,1
1,1,1,1,1,1,1,1, 0.835413728634813, 0.471840674538681, 0.266588925844681, 0.459310742612572, 0.829148762671759,1,1
1,1,1,1,1,1,1,1, 0.842315860854177, 0.493505315076471, 0.282594914885569, 0.453937327958435, 0.822531867295160,1,1
1,1,1,1,1,1,1,1, 0.857228522069369, 0.534983326665508, 0.315245318661683, 0.454454745604318, 0.816964231538774,1,1
1,1,1,1,1,1,1,1, 0.865938748799335, 0.561972968913626, 0.335867173787885, 0.449570436032230, 0.809737482358637,1,1
1,1,1,1,1,1,1,1, 0.878384551542222, 0.597972621061937, 0.373577820890326, 0.466775984763727, 0.812786233393116,1,1
1,1,1,1,1,1,1,1, 0.888465607817162, 0.628956831571351, 0.400338361429167, 0.467668659412928, 0.807821521737950,1,1
1,1,1,1,1,1,1,1, 0.894969118351938, 0.647961756181034, 0.428030648652045, 0.492052502168743, 0.817014491345793,1,1
1,1,1,1,1,1,1,1,1, 0.868142471181112, 0.551538897294637, 0.390936610573286, 0.599826413987108, 0.892286229527348,1
1,1,1,1,1,1,1,1,1, 0.866552194151503, 0.555610366577049, 0.511564150699590, 0.822505978274044,1,1
1,1,1,1,1,1,1,1,1, 0.878852512007380, 0.579886475633281, 0.410455721225363, 0.596662063580404, 0.887240305980942,1
1,1,1,1,1,1,1,1,1, 0.872897578907051, 0.569754178950401, 0.416939332426380, 0.616206443629761, 0.896123711246731,1
1,1,1,1,1,1,1,1,1, 0.879442059258393, 0.583015955922617, 0.416477587184303, 0.601675543634326, 0.888771853114247,1
1,1,1,1,1,1,1,1,1, 0.879575393951165, 0.593298285339078, 0.547870388824662, 0.834147497436748,1,1
1,1,1,1,1,1,1,1,1, 0.879822013952464, 0.593797423787706, 0.548128805718020, 0.834153395882778,1,1
1,1,1,1,1,1,1,1,1, 0.886488491088737, 0.627421577342238, 0.595377681418265, 0.854444595164764,1,1
1,1,1,1,1,1,1,1,1, 0.872894297431256, 0.601195320859663, 0.583707749425557, 0.855406725997150,1,1
1,1,1,1,1,1,1,1,1, 0.881804423325295, 0.641439457514483, 0.637465645053080, 0.877830610863892,1,1
1,1,1,1,1,1,1,1,1, 0.886153419247439, 0.649859350390461, 0.641258443038606, 0.877552511895583,1,1
1,1,1,1,1,1,1,1,1, 0.891848707086694, 0.677200229909069, 0.678854338558056, 0.893502815735681,1,1
1,1,1,1,1,1,1,1,1,1, 0.894381184044215, 0.788762368088430, 0.894381184044215,1,1
1,1,1,1,1,1,1,1,1,1,1,1,1,1,1
1,1,1,1,1,1,1,1,1,1,1,1,1,1,1
1,1,1,1,1,1,1,1,1,1,1,1,1,1,1
1,1,1,1,1,1,1,1,1,1,1,1,1,1,1
  0.652617359562996, 0.884205786520999,1,1,1,1,1,1,1,1,1,1,1,1,1
  0.609009910103674, 0.869669970034558,1,1,1,1,1,1,1,1,1,1,1,1,1
  0.468645617606285, 0.636379656047959, 0.888098670107518,1,1,1,1,1,1,1,1,1,1,1,1
  0.440315401982061, 0.618569787093591, 0.883078791859742,1,1,1,1,1,1,1,1,1,1,1,1
  0.399403657518101, 0.577956642657672, 0.866893254090983,1,1,1,1,1,1,1,1,1,1,1,1
  0.372265029217765, 0.560648200774962, 0.861935914621424,1,1,1,1,1,1,1,1,1,1,1,1
  0.430942377527455, 0.448008911165326, 0.611463397507197, 0.877747518795352,1,1,1,1,1,1,1,1,1,1,1
  0.374433639992932, 0.398289594708852, 0.581234145264730, 0.869390797455718,1,1,1,1,1,1,1,1,1,1,1
  0.440090776796129, 0.442856777450932, 0.597557401864768, 0.871329636252453,1,1,1,1,1,1,1,1,1,1,1
  0.409140054443595, 0.414404344595227, 0.475802621594588, 0.658986216183716, 0.896440376072795,1,1,1,1,1,1,1,1,1,1
  0.508628130202124, 0.499319591639261, 0.522436733633410, 0.668016248448196, 0.894806746187331,1,1,1,1,1,1,1,1,1,1
  0.452375148322976, 0.446096784014260, 0.482168935880678, 0.648164001994978, 0.890246504253473,1,1,1,1,1,1,1,1,1,1
  0.549318755433686, 0.525071709279634, 0.521090818535320, 0.651286540407655, 0.886605340286911,1,1,1,1,1,1,1,1,1,1
  0.497466063257968, 0.474147276385232, 0.480041119496423, 0.629647206830042, 0.881366735136212,1,1,1,1,1,1,1,1,1,1
  0.890426786488123, 0.666716353116040, 0.549544656193508, 0.660647398991385, 0.887392309425795,1,1,1,1,1,1,1,1,1,1
  0.560243136476951, 0.533599766078869, 0.521189794961126, 0.645648019445002, 0.883793702563227,1,1,1,1,1,1,1,1,1,1
1,1, 0.890901376373169, 0.781802752746338, 0.890901376373169,1,1,1,1,1,1,1,1,1,1
1,1,1,1,1,1,1, 0.887760739805199, 0.666797334006021, 0.670312448596446, 0.891275854395624,1,1,1,1
1,1, 0.897344191987447, 0.794688383974895, 0.897344191987447,1,1,1,1,1,1,1,1,1,1
1,1,1,1,1,1,1, 0.885588614850138, 0.664406992696360, 0.672048140842306, 0.893229762996084,1,1,1,1
1,1,1,1,1,1,1, 0.885101108768235, 0.662864098377481, 0.670424870450255, 0.892661880841010,1,1,1,1
1,1,1,1,1,1,1, 0.887451737416556, 0.670296780680309, 0.678238349110949, 0.895393305847197,1,1,1,1
1,1,1, 0.887991158959106, 0.775982317918212, 0.887991158959106,1, 0.863579221659295, 0.612961025842245, 0.635184386706606, 0.885802582523656,1,1,1,1
1,1,1, 0.894194600939375, 0.788389201878750, 0.894194600939375,1, 0.881994716325495, 0.763989432650990, 0.881994716325495,1,1,1,1,1
1,1,1, 0.891148699994911, 0.782297399989822, 0.891148699994911,1, 0.876444977734970, 0.752889955469940, 0.876444977734970,1,1,1,1,1
1,1,1,1,1,1,1,1,1,1,1,1,1,1,1
1,1,1,1,1,1,1,1,1,1,1,1,1,1,1
1,1,1,1,1,1,1,1,1,1,1,1,1,1,1
1,1,1,1,1,1,1,1,1,1,1,1,1,1,1
1,1,1,1,1,1,1,1,1,1,1,1,1,1,1
1,1,1,1,1,1,1,1,1,1,1,1,1,1,1
1,1,1,1,1,1,1,1,1,1,1,1,1,1,1
1,1,1,1,1,1,1,1,1,1,1,1,1,1,1
1,1,1,1,1,1,1,1,1,1,1,1,1,1,1
1,1,1,1,1,1,1,1,1,1,1,1,1,1,1
1,1,1,1,1,1,1,1,1,1,1,1,1,1,1
1,1,1,1,1,1,1,1,1,1,1,1,1,1,1
1,1,1,1,1,1,1,1,1,1,1,1,1,1,1
1,1,1,1,1,1,1,1,1,1,1,1,1,1,1
1,1,1,1,1,1,1,1,1,1,1,1,1,1,1
1,1,1,1,1,1,1,1,1,1,1,1,1,1,1
1,1,1,1,1,1,1,1,1,1,1,1,1,1,1
1,1,1,1,1,1,1,1,1,1,1,1,1,1,1
1,1,1,1,1,1,1,1,1,1,1,1,1,1,1
1,1,1,1,1,1,1,1,1,1,1,1,1,1,1
1,1,1,1,1,1,1,1,1,1,1,1,1,1,1
1,1,1,1,1,1,1,1,1,1,1,1,1,1,1
1,1,1,1,1,1,1,1,1,1,1,1,1,1,1
1,1,1,1,1,1,1,1,1,1,1,1,1,1,1
1,1,1,1,1,1,1,1,1,1,1,1,1,1,1
1,1,1,1,1,1,1,1,1,1,1,1,1,1,1
1,1,1,1,1,1,1,1,1,1,1,1,1,1,1
1,1,1, 0.880926131462169, 0.761852262924338, 0.880926131462169, 0.883581569101992, 0.767163138203984, 0.883581569101992,1,1,1,1,1,1
1,1,1, 0.881438695076958, 0.762877390153916, 0.881438695076958, 0.884219192582726, 0.768438385165453, 0.884219192582726,1,1,1,1,1,1
1,1,1, 0.882221746325131, 0.764443492650262, 0.882221746325131, 0.885451958560344, 0.770903917120688, 0.885451958560344,1,1,1,1,1,1
1,1,1, 0.878876115718428, 0.757752231436855, 0.878876115718428, 0.888105147855315, 0.776210295710630, 0.888105147855315,1,1,1,1,1,1
1,1,1, 0.880150478790135, 0.760300957580269, 0.880150478790135, 0.890011045586505, 0.780022091173011, 0.890011045586505,1,1,1,1,1,1
1,1,1, 0.861880177648081, 0.723760355296162, 0.861880177648081,1,1,1,1,1,1,1,1,1
1,1, 0.863955045432691, 0.565013215356982, 0.431854511924073, 0.624489559507966, 0.893693217508183,1,1,1,1,1,1,1,1
1,1, 0.865451629905277, 0.574084820781249, 0.551814751846668, 0.843181560970695,1,1,1,1,1,1,1,1,1
1, 0.868304159685128, 0.543493073286939, 0.331770814797006, 0.506279048473707, 0.849697147278512,1,1,1,1,1,1,1,1,1
1, 0.868477135227458, 0.544972117404275, 0.336209386563939, 0.511410961824885, 0.851696557437763,1,1,1,1,1,1,1,1,1
  0.878916901413070, 0.574546702428523, 0.302526916566270, 0.280015997579865, 0.556053548109663, 0.882934666080614,1,1,1,1,1,1,1,1,1
  0.878885805474312, 0.574333940018457, 0.301395766979404, 0.277578917956498, 0.553877267677052, 0.882245982155813,1,1,1,1,1,1,1,1,1
  0.846469458658148, 0.483546913301272, 0.236869422865639, 0.408975940460056, 0.809183972237540,1,1,1,1,1,1,1,1,1,1
  0.846421405258744, 0.483080361133295, 0.235294221674549, 0.407032980984186, 0.808397715184189,1,1,1,1,1,1,1,1,1,1
  0.846484650819776, 0.483681384809415, 0.237304374044414, 0.409503196939687, 0.809395556884911,1,1,1,1,1,1,1,1,1,1
  0.323137044441928, 0.220252285817010, 0.235463672028092, 0.507626502066619, 0.857076329703886,1,1,1,1,1,1,1,1,1,1
  0.323760920709935, 0.222387231577456, 0.239581612288452, 0.511394411544261, 0.858361510376666,1,1,1,1,1,1,1,1,1,1
  0.280669963977973, 0.209844675165699, 0.267181059628053, 0.542976115245311, 0.868199063344004,1,1,1,1,1,1,1,1,1,1
  0.302517342244949, 0.250537461709849, 0.300779930781571, 0.552580780054689, 0.868140094373285,1,1,1,1,1,1,1,1,1,1
  0.300564783553794, 0.254402227940435, 0.315365194668719, 0.569599685212058, 0.874779302600925,1,1,1,1,1,1,1,1,1,1
  0.321926607229217, 0.305910733940496, 0.374593420425490, 0.603737899881703, 0.883222643515194,1,1,1,1,1,1,1,1,1,1
  0.328426128154275, 0.317148481570896, 0.392218303724953, 0.620295454632896, 0.889332886707102,1,1,1,1,1,1,1,1,1,1
  0.388111864310988, 0.424354205300139, 0.604790296976084, 0.877000104755856,1,1,1,1,1,1,1,1,1,1,1
  0.402488123881756, 0.440837779415535, 0.618433847377095, 0.881734860360089,1,1,1,1,1,1,1,1,1,1,1
1,1,1,1,1,1,1,1,1,1,1,1, 0.879465348023172, 0.758930696046344, 0.879465348023172